chunk_size,answer_correctness,answer_relevancy,faithfulness,context_recall,context_precision
100,0.46082493072393815,0.6750543518632257,0.3784559884559885,0.31475810738968635,0.39999999996
200,0.39659558165656095,0.6717020596337803,0.590422077922078,0.3353409090909091,0.19999999998
500,0.4570081832656886,0.7743908363974159,0.5530764411027569,0.2786374863377152,0.69999999993
1000,0.6177356472111406,0.9676142720927523,0.698523980892402,0.413056967187402,0.9999999999
